experiment,condition,method,dataset,R2,R2_SE,RMSE_RANGE,RMSE_RANGE_SE,MAE_RANGE,MAE_RANGE_SE,QICE,QICE_SE,NMPIW,NMPIW_SE,source_json,uncertainty_json,source_note
ex1_rows200_6m,rows200,TabICL_6M_DDPM500_repeats100,abalone,0.4752569967,0.0357475365,0.1751652091,0.005045626703,0.1305632371,0.005501164687,0.014,0.004335896678,1.938941624,0.0845934447,TabICL_regression03/runs/6M/step-120000_ddpm500_repeats100_from200_first100.json,TabICL_regression03/runs/6M/step-120000_ddpm500_repeats100_from200_first100_bins10-uncertainty.json,
ex1_rows200_6m,rows200,TabICL_6M_DDPM500_repeats100,airfoil_self_noise,0.6943403834,0.0392353601,0.1259431128,0.007478550196,0.09032387649,0.005441062673,0.021,0.002,1.652786064,0.05590678213,TabICL_regression03/runs/6M/step-120000_ddpm500_repeats100_from200_first100.json,TabICL_regression03/runs/6M/step-120000_ddpm500_repeats100_from200_first100_bins10-uncertainty.json,
ex1_rows200_6m,rows200,TabICL_6M_DDPM500_repeats100,auction_verification,0.8873741861,0.02015614928,0.1006031535,0.01106061797,0.04909917626,0.005148251161,0.049,0.005366563146,0.4875508708,0.02949708535,TabICL_regression03/runs/6M/step-120000_ddpm500_repeats100_from200_first100.json,TabICL_regression03/runs/6M/step-120000_ddpm500_repeats100_from200_first100_bins10-uncertainty.json,
ex1_rows200_6m,rows200,TabICL_6M_DDPM500_repeats100,boston,0.8526217584,0.03012992295,0.08801201459,0.01082928174,0.0592365952,0.005083198711,0.02,0.003577708764,0.8452487547,0.06309641559,TabICL_regression03/runs/6M/step-120000_ddpm500_repeats100_from200_first100.json,TabICL_regression03/runs/6M/step-120000_ddpm500_repeats100_from200_first100_bins10-uncertainty.json,
ex1_rows200_6m,rows200,TabICL_6M_DDPM500_repeats100,cars,0.9195889652,0.01194122354,0.06627416245,0.004814458363,0.04432995724,0.003731465447,0.031,0.00438178046,0.5862886365,0.04253148529,TabICL_regression03/runs/6M/step-120000_ddpm500_repeats100_from200_first100.json,TabICL_regression03/runs/6M/step-120000_ddpm500_repeats100_from200_first100_bins10-uncertainty.json,
ex1_rows200_6m,rows200,TabICL_6M_DDPM500_repeats100,concrete_compressive_strength,0.8167778533,0.03451651734,0.1043124004,0.00483692364,0.07887676649,0.003252168806,0.007,0.001673320053,1.303208686,0.0968333122,TabICL_regression03/runs/6M/step-120000_ddpm500_repeats100_from200_first100.json,TabICL_regression03/runs/6M/step-120000_ddpm500_repeats100_from200_first100_bins10-uncertainty.json,
ex1_rows200_6m,rows200,TabICL_6M_DDPM500_repeats100,cpu_activity,0.9692105651,0.009078960188,0.03240194109,0.002845203917,0.02133907493,0.001426823026,0.027,0.00469041576,0.3657770857,0.03538984332,TabICL_regression03/runs/6M/step-120000_ddpm500_repeats100_from200_first100.json,TabICL_regression03/runs/6M/step-120000_ddpm500_repeats100_from200_first100_bins10-uncertainty.json,
ex1_rows200_6m,rows200,TabICL_6M_DDPM500_repeats100,energy_efficiency,0.9849368064,0.00458643147,0.03620399425,0.004783374511,0.02292029315,0.001975385718,0.043,0.005176871642,0.1929441294,0.01296377728,TabICL_regression03/runs/6M/step-120000_ddpm500_repeats100_from200_first100.json,TabICL_regression03/runs/6M/step-120000_ddpm500_repeats100_from200_first100_bins10-uncertainty.json,
ex1_rows200_6m,rows200,TabICL_6M_DDPM500_repeats100,grid_stability,0.7957227483,0.01928566455,0.1193722873,0.004365806533,0.09330693101,0.004033479431,0.011,0.005019960159,1.521008447,0.02141196257,TabICL_regression03/runs/6M/step-120000_ddpm500_repeats100_from200_first100.json,TabICL_regression03/runs/6M/step-120000_ddpm500_repeats100_from200_first100_bins10-uncertainty.json,
ex1_rows200_6m,rows200,TabICL_6M_DDPM500_repeats100,kin8nm,0.3681000194,0.05601426831,0.1953943994,0.01357821515,0.1512312138,0.01042616068,0.019,0.003286335345,2.303001566,0.1111838851,TabICL_regression03/runs/6M/step-120000_ddpm500_repeats100_from200_first100.json,TabICL_regression03/runs/6M/step-120000_ddpm500_repeats100_from200_first100_bins10-uncertainty.json,
ex1_rows200_6m,rows200,TabICL_6M_DDPM500_repeats100,Moneyball,0.9376732719,0.008473471976,0.0562960831,0.003773522693,0.04472216718,0.003086152135,0.018,0.005403702434,0.7210766601,0.04608556444,TabICL_regression03/runs/6M/step-120000_ddpm500_repeats100_from200_first100.json,TabICL_regression03/runs/6M/step-120000_ddpm500_repeats100_from200_first100_bins10-uncertainty.json,
ex1_rows200_6m,rows200,TabICL_6M_DDPM500_repeats100,pumadyn32nh,0.1765872719,0.02774671983,0.1939094564,0.007915967382,0.1584746464,0.0071605991,0.015,0.002966479395,3.104227486,0.2248548901,TabICL_regression03/runs/6M/step-120000_ddpm500_repeats100_from200_first100.json,TabICL_regression03/runs/6M/step-120000_ddpm500_repeats100_from200_first100_bins10-uncertainty.json,
ex1_rows200_6m,rows200,TabICL_6M_DDPM500_repeats100,QSAR_fish_toxicity,0.498597497,0.06330095358,0.1437760117,0.008124872408,0.1038685587,0.004759228053,0.027,0.002966479395,1.748777188,0.126375385,TabICL_regression03/runs/6M/step-120000_ddpm500_repeats100_from200_first100.json,TabICL_regression03/runs/6M/step-120000_ddpm500_repeats100_from200_first100_bins10-uncertainty.json,
ex1_rows200_6m,rows200,TabICL_6M_DDPM500_repeats100,quake,-0.1081031618,0.008682788469,0.2831019107,0.01152951471,0.2271298469,0.01125005118,0.034,0.002683281573,2.746343486,0.1965771393,TabICL_regression03/runs/6M/step-120000_ddpm500_repeats100_from200_first100.json,TabICL_regression03/runs/6M/step-120000_ddpm500_repeats100_from200_first100_bins10-uncertainty.json,
ex1_rows200_6m,rows200,TabICL_6M_DDPM500_repeats100,sensory,0.06643122159,0.02633828273,0.2376248031,0.01112471583,0.1895710432,0.01070228727,0.017,0.004979959839,3.013337843,0.2286737743,TabICL_regression03/runs/6M/step-120000_ddpm500_repeats100_from200_first100.json,TabICL_regression03/runs/6M/step-120000_ddpm500_repeats100_from200_first100_bins10-uncertainty.json,
ex1_rows200_6m,rows200,TabICL_6M_DDPM500_repeats100,socmob,0.7121504984,0.08029488682,0.09639560913,0.02010076287,0.03898261195,0.01071372778,0.07,0.009859006035,0.4082482514,0.07742665031,TabICL_regression03/runs/6M/step-120000_ddpm500_repeats100_from200_first100.json,TabICL_regression03/runs/6M/step-120000_ddpm500_repeats100_from200_first100_bins10-uncertainty.json,
ex1_rows200_6m,rows200,TabICL_6M_DDPM500_repeats100,space_ga,0.5846156719,0.04113741369,0.1520510211,0.01049538007,0.1164747094,0.01198148167,0.014,0.006723094526,1.756899126,0.1110818067,TabICL_regression03/runs/6M/step-120000_ddpm500_repeats100_from200_first100.json,TabICL_regression03/runs/6M/step-120000_ddpm500_repeats100_from200_first100_bins10-uncertainty.json,
ex1_rows200_6m,rows200,TabICL_6M_DDPM500_repeats100,student_performance,0.05282112102,0.05412554656,0.1943088463,0.01112844189,0.1403258439,0.01196950389,0.023,0.0045607017,2.506346954,0.1346498247,TabICL_regression03/runs/6M/step-120000_ddpm500_repeats100_from200_first100.json,TabICL_regression03/runs/6M/step-120000_ddpm500_repeats100_from200_first100_bins10-uncertainty.json,
ex1_rows200_6m,rows200,TabICL_6M_DDIM10_repeats100,abalone,0.465619259,0.03183887551,0.1769114047,0.003762016225,0.1296498685,0.003590844119,0.028,0.002,1.626456629,0.07975054417,TabICL_regression03/runs/6M/step-120000_ddim10_repeats100_from200_first100.json,TabICL_regression03/runs/6M/step-120000_ddim10_repeats100_from200_first100_bins10-uncertainty.json,
ex1_rows200_6m,rows200,TabICL_6M_DDIM10_repeats100,airfoil_self_noise,0.7035159231,0.0446089515,0.1232415057,0.008962557848,0.08910907502,0.006771759459,0.024,0.003033150178,1.271771999,0.04610657511,TabICL_regression03/runs/6M/step-120000_ddim10_repeats100_from200_first100.json,TabICL_regression03/runs/6M/step-120000_ddim10_repeats100_from200_first100_bins10-uncertainty.json,
ex1_rows200_6m,rows200,TabICL_6M_DDIM10_repeats100,auction_verification,0.8840748127,0.02550501804,0.1009915439,0.01357750511,0.04923008274,0.006258668272,0.075,0.007155417528,0.3728532377,0.01912640567,TabICL_regression03/runs/6M/step-120000_ddim10_repeats100_from200_first100.json,TabICL_regression03/runs/6M/step-120000_ddim10_repeats100_from200_first100_bins10-uncertainty.json,
ex1_rows200_6m,rows200,TabICL_6M_DDIM10_repeats100,boston,0.8485794655,0.03014251729,0.08924960809,0.01062331025,0.06061934556,0.005272075903,0.041,0.004774934555,0.6091275505,0.03542848368,TabICL_regression03/runs/6M/step-120000_ddim10_repeats100_from200_first100.json,TabICL_regression03/runs/6M/step-120000_ddim10_repeats100_from200_first100_bins10-uncertainty.json,
ex1_rows200_6m,rows200,TabICL_6M_DDIM10_repeats100,cars,0.9068798543,0.02031514215,0.07098054227,0.00866443599,0.04714560306,0.005204527812,0.062,0.003033150178,0.4701678405,0.0428293023,TabICL_regression03/runs/6M/step-120000_ddim10_repeats100_from200_first100.json,TabICL_regression03/runs/6M/step-120000_ddim10_repeats100_from200_first100_bins10-uncertainty.json,
ex1_rows200_6m,rows200,TabICL_6M_DDIM10_repeats100,concrete_compressive_strength,0.7890907831,0.03418650266,0.1127943156,0.005329360768,0.08528030733,0.003807464089,0.033,0.00219089023,1.058904195,0.07911713005,TabICL_regression03/runs/6M/step-120000_ddim10_repeats100_from200_first100.json,TabICL_regression03/runs/6M/step-120000_ddim10_repeats100_from200_first100_bins10-uncertainty.json,
ex1_rows200_6m,rows200,TabICL_6M_DDIM10_repeats100,cpu_activity,0.9603636266,0.01694572075,0.03478477479,0.004958866232,0.02130538539,0.001852804397,0.067,0.006,0.2256115285,0.02317526736,TabICL_regression03/runs/6M/step-120000_ddim10_repeats100_from200_first100.json,TabICL_regression03/runs/6M/step-120000_ddim10_repeats100_from200_first100_bins10-uncertainty.json,
ex1_rows200_6m,rows200,TabICL_6M_DDIM10_repeats100,energy_efficiency,0.9807621057,0.005867529586,0.04093603781,0.005166025277,0.02614211686,0.00275376257,0.083,0.006782329983,0.1556694205,0.01662252432,TabICL_regression03/runs/6M/step-120000_ddim10_repeats100_from200_first100.json,TabICL_regression03/runs/6M/step-120000_ddim10_repeats100_from200_first100_bins10-uncertainty.json,
ex1_rows200_6m,rows200,TabICL_6M_DDIM10_repeats100,grid_stability,0.7966443555,0.02092077668,0.1188021947,0.004274493558,0.09200206922,0.003644828401,0.026,0.002,1.287264214,0.01681969761,TabICL_regression03/runs/6M/step-120000_ddim10_repeats100_from200_first100.json,TabICL_regression03/runs/6M/step-120000_ddim10_repeats100_from200_first100_bins10-uncertainty.json,
ex1_rows200_6m,rows200,TabICL_6M_DDIM10_repeats100,kin8nm,0.3859659962,0.05400126338,0.1925246798,0.01276956134,0.1487620752,0.009740885276,0.025,0.004147288271,1.921514596,0.08595358028,TabICL_regression03/runs/6M/step-120000_ddim10_repeats100_from200_first100.json,TabICL_regression03/runs/6M/step-120000_ddim10_repeats100_from200_first100_bins10-uncertainty.json,
ex1_rows200_6m,rows200,TabICL_6M_DDIM10_repeats100,Moneyball,0.9329718378,0.008964754864,0.05851552362,0.004087978107,0.04516810041,0.003312413812,0.045,0.002607680962,0.5123757218,0.02947183911,TabICL_regression03/runs/6M/step-120000_ddim10_repeats100_from200_first100.json,TabICL_regression03/runs/6M/step-120000_ddim10_repeats100_from200_first100_bins10-uncertainty.json,
ex1_rows200_6m,rows200,TabICL_6M_DDIM10_repeats100,pumadyn32nh,0.122227496,0.01679042641,0.1999710182,0.005757736894,0.163410292,0.005892969375,0.02,0.002683281573,2.613305687,0.1900682761,TabICL_regression03/runs/6M/step-120000_ddim10_repeats100_from200_first100.json,TabICL_regression03/runs/6M/step-120000_ddim10_repeats100_from200_first100_bins10-uncertainty.json,
ex1_rows200_6m,rows200,TabICL_6M_DDIM10_repeats100,QSAR_fish_toxicity,0.4882522048,0.06647375747,0.1451553343,0.008398231118,0.1027197777,0.005041598226,0.031,0.00219089023,1.416566233,0.09737364552,TabICL_regression03/runs/6M/step-120000_ddim10_repeats100_from200_first100.json,TabICL_regression03/runs/6M/step-120000_ddim10_repeats100_from200_first100_bins10-uncertainty.json,
ex1_rows200_6m,rows200,TabICL_6M_DDIM10_repeats100,quake,-0.07079289283,0.01376843276,0.2781788521,0.01092821217,0.2223853746,0.01029943014,0.027,0.00228035085,2.504358083,0.1720247332,TabICL_regression03/runs/6M/step-120000_ddim10_repeats100_from200_first100.json,TabICL_regression03/runs/6M/step-120000_ddim10_repeats100_from200_first100_bins10-uncertainty.json,
ex1_rows200_6m,rows200,TabICL_6M_DDIM10_repeats100,sensory,0.06867739979,0.01963204038,0.2372876211,0.01044376469,0.1881092943,0.0111508179,0.033,0.006418722614,2.525873235,0.1856064043,TabICL_regression03/runs/6M/step-120000_ddim10_repeats100_from200_first100.json,TabICL_regression03/runs/6M/step-120000_ddim10_repeats100_from200_first100_bins10-uncertainty.json,
ex1_rows200_6m,rows200,TabICL_6M_DDIM10_repeats100,socmob,0.722887163,0.08941405801,0.09297328491,0.02233629011,0.03849437316,0.01124916591,0.103,0.009099450533,0.3008767745,0.06375117881,TabICL_regression03/runs/6M/step-120000_ddim10_repeats100_from200_first100.json,TabICL_regression03/runs/6M/step-120000_ddim10_repeats100_from200_first100_bins10-uncertainty.json,
ex1_rows200_6m,rows200,TabICL_6M_DDIM10_repeats100,space_ga,0.5872944306,0.03885680325,0.1515857885,0.01005127525,0.1155745795,0.01129529065,0.03,0.008294576541,1.479320182,0.09480302949,TabICL_regression03/runs/6M/step-120000_ddim10_repeats100_from200_first100.json,TabICL_regression03/runs/6M/step-120000_ddim10_repeats100_from200_first100_bins10-uncertainty.json,
ex1_rows200_6m,rows200,TabICL_6M_DDIM10_repeats100,student_performance,0.06726611668,0.04183741702,0.1931724616,0.01104077966,0.1392509447,0.01136558509,0.02,0.002607680962,2.154115611,0.1101346396,TabICL_regression03/runs/6M/step-120000_ddim10_repeats100_from200_first100.json,TabICL_regression03/runs/6M/step-120000_ddim10_repeats100_from200_first100_bins10-uncertainty.json,
ex1_rows200_6m,rows200,nanoTabPFN_6M,abalone,0.4877267243,0.03294066844,0.1735530529,0.007306193796,0.1320758538,0.005085266077,0.027,0.006985699679,2.245257028,0.1201669903,nanoTabPFN_version10_original02/6M/model_step_0120000_rows200_bins10_eval.json,nanoTabPFN_version10_original02/6M/model_step_0120000_rows200_bins10_eval.json,
ex1_rows200_6m,rows200,nanoTabPFN_6M,airfoil_self_noise,0.7637149456,0.02696493022,0.1108119815,0.005589201031,0.08116131644,0.004066456025,0.034,0.005366563146,1.896725799,0.07243534022,nanoTabPFN_version10_original02/6M/model_step_0120000_rows200_bins10_eval.json,nanoTabPFN_version10_original02/6M/model_step_0120000_rows200_bins10_eval.json,
ex1_rows200_6m,rows200,nanoTabPFN_6M,auction_verification,0.8878337664,0.01746301254,0.1005252742,0.009124758284,0.0472937846,0.003525473672,0.026,0.005099019514,0.6678779483,0.03573289081,nanoTabPFN_version10_original02/6M/model_step_0120000_rows200_bins10_eval.json,nanoTabPFN_version10_original02/6M/model_step_0120000_rows200_bins10_eval.json,
ex1_rows200_6m,rows200,nanoTabPFN_6M,boston,0.8625051473,0.02740032035,0.08495672768,0.01020193807,0.05872767846,0.00520559989,0.025,0.003898717738,1.118802597,0.06743152549,nanoTabPFN_version10_original02/6M/model_step_0120000_rows200_bins10_eval.json,nanoTabPFN_version10_original02/6M/model_step_0120000_rows200_bins10_eval.json,
ex1_rows200_6m,rows200,nanoTabPFN_6M,cars,0.9102607784,0.01562476378,0.06933925494,0.004554152872,0.04730077963,0.003783938593,0.019,0.003286335345,0.8533078457,0.0599018231,nanoTabPFN_version10_original02/6M/model_step_0120000_rows200_bins10_eval.json,nanoTabPFN_version10_original02/6M/model_step_0120000_rows200_bins10_eval.json,
ex1_rows200_6m,rows200,nanoTabPFN_6M,concrete_compressive_strength,0.8567760188,0.02328008329,0.09325915496,0.006834960876,0.06890021885,0.004894283465,0.027,0.003286335345,1.38512651,0.08874329805,nanoTabPFN_version10_original02/6M/model_step_0120000_rows200_bins10_eval.json,nanoTabPFN_version10_original02/6M/model_step_0120000_rows200_bins10_eval.json,
ex1_rows200_6m,rows200,nanoTabPFN_6M,cpu_activity,0.9423043452,0.01797653699,0.04414652232,0.006224990965,0.02536951568,0.002064822352,0.022,0.004,0.546486619,0.03963481915,nanoTabPFN_version10_original02/6M/model_step_0120000_rows200_bins10_eval.json,nanoTabPFN_version10_original02/6M/model_step_0120000_rows200_bins10_eval.json,
ex1_rows200_6m,rows200,nanoTabPFN_6M,energy_efficiency,0.9890225681,0.005611913651,0.02848771902,0.006399106745,0.0199665007,0.003481414529,0.019,0.003847076812,0.2611000862,0.01039064462,nanoTabPFN_version10_original02/6M/model_step_0120000_rows200_bins10_eval.json,nanoTabPFN_version10_original02/6M/model_step_0120000_rows200_bins10_eval.json,
ex1_rows200_6m,rows200,nanoTabPFN_6M,grid_stability,0.8336501224,0.0177904464,0.1075151456,0.004445102463,0.08450545233,0.003834773711,0.03,0.00228035085,1.664735848,0.02845095456,nanoTabPFN_version10_original02/6M/model_step_0120000_rows200_bins10_eval.json,nanoTabPFN_version10_original02/6M/model_step_0120000_rows200_bins10_eval.json,
ex1_rows200_6m,rows200,nanoTabPFN_6M,kin8nm,0.3726358872,0.02699122459,0.1950421008,0.009778419322,0.1562971704,0.009989516343,0.025,0.003898717738,2.66119011,0.1069423133,nanoTabPFN_version10_original02/6M/model_step_0120000_rows200_bins10_eval.json,nanoTabPFN_version10_original02/6M/model_step_0120000_rows200_bins10_eval.json,
ex1_rows200_6m,rows200,nanoTabPFN_6M,Moneyball,0.9432794611,0.008784185758,0.05351613327,0.003857191886,0.04325348241,0.002752561048,0.018,0.004816637832,0.8110239837,0.04334446044,nanoTabPFN_version10_original02/6M/model_step_0120000_rows200_bins10_eval.json,nanoTabPFN_version10_original02/6M/model_step_0120000_rows200_bins10_eval.json,
ex1_rows200_6m,rows200,nanoTabPFN_6M,pumadyn32nh,-0.009639483827,0.008329044055,0.2146887017,0.007187943075,0.1718950035,0.006627041946,0.017,0.003847076812,3.352232208,0.2948649667,nanoTabPFN_version10_original02/6M/model_step_0120000_rows200_bins10_eval.json,nanoTabPFN_version10_original02/6M/model_step_0120000_rows200_bins10_eval.json,
ex1_rows200_6m,rows200,nanoTabPFN_6M,QSAR_fish_toxicity,0.5220025667,0.0473670808,0.1409662912,0.006431950895,0.1019469551,0.004176931459,0.028,0.004604345773,2.371894544,0.1816405436,nanoTabPFN_version10_original02/6M/model_step_0120000_rows200_bins10_eval.json,nanoTabPFN_version10_original02/6M/model_step_0120000_rows200_bins10_eval.json,
ex1_rows200_6m,rows200,nanoTabPFN_6M,quake,-0.0566055287,0.01659187814,0.2764264284,0.0115352118,0.2280911063,0.01184976883,0.044,0.003033150178,3.126415119,0.1810353108,nanoTabPFN_version10_original02/6M/model_step_0120000_rows200_bins10_eval.json,nanoTabPFN_version10_original02/6M/model_step_0120000_rows200_bins10_eval.json,
ex1_rows200_6m,rows200,nanoTabPFN_6M,sensory,-0.02480963358,0.02007400954,0.2487604501,0.01014747676,0.1943203688,0.008979741864,0.035,0.00219089023,3.234978835,0.3261986062,nanoTabPFN_version10_original02/6M/model_step_0120000_rows200_bins10_eval.json,nanoTabPFN_version10_original02/6M/model_step_0120000_rows200_bins10_eval.json,
ex1_rows200_6m,rows200,nanoTabPFN_6M,socmob,0.3971034747,0.05824332307,0.1397778581,0.008385973743,0.04633306891,0.009206490524,0.029,0.006723094526,0.7157796511,0.1768517887,nanoTabPFN_version10_original02/6M/model_step_0120000_rows200_bins10_eval.json,nanoTabPFN_version10_original02/6M/model_step_0120000_rows200_bins10_eval.json,
ex1_rows200_6m,rows200,nanoTabPFN_6M,space_ga,0.5540871559,0.0457191495,0.1572699185,0.01045178894,0.1225226455,0.0122217917,0.022,0.00469041576,2.228903096,0.1662155552,nanoTabPFN_version10_original02/6M/model_step_0120000_rows200_bins10_eval.json,nanoTabPFN_version10_original02/6M/model_step_0120000_rows200_bins10_eval.json,
ex1_rows200_6m,rows200,nanoTabPFN_6M,student_performance,0.09974156545,0.01707350996,0.1896739943,0.00836256101,0.1353084154,0.008394643044,0.02,0.006542170894,2.444305113,0.2027742891,nanoTabPFN_version10_original02/6M/model_step_0120000_rows200_bins10_eval.json,nanoTabPFN_version10_original02/6M/model_step_0120000_rows200_bins10_eval.json,
ex1_rows200_6m,rows200,TabPFN_v2_official,abalone,0.518873036,0.01975782599,0.168799742,0.007058913613,0.1258358091,0.005728337196,0.02,0.008438009244,0.7301086549,0.04056404417,TabICL_regression03/runs/tabpfn_v2_uncertainty_rows200_bins10.json,TabICL_regression03/runs/tabpfn_v2_uncertainty_rows200_bins10.json,
ex1_rows200_6m,rows200,TabPFN_v2_official,airfoil_self_noise,0.8449975143,0.01819947814,0.0897662251,0.004381795776,0.05988403696,0.002321827198,0.015,0.001095445115,0.415304857,0.026011812,TabICL_regression03/runs/tabpfn_v2_uncertainty_rows200_bins10.json,TabICL_regression03/runs/tabpfn_v2_uncertainty_rows200_bins10.json,
ex1_rows200_6m,rows200,TabPFN_v2_official,auction_verification,0.8968818963,0.01785938038,0.09605414334,0.009354615379,0.04387608761,0.003931414714,0.016,0.0045607017,0.2235796942,0.01259376956,TabICL_regression03/runs/tabpfn_v2_uncertainty_rows200_bins10.json,TabICL_regression03/runs/tabpfn_v2_uncertainty_rows200_bins10.json,
ex1_rows200_6m,rows200,TabPFN_v2_official,boston,0.8669989962,0.01859234811,0.08425066442,0.006822917506,0.05714694759,0.004074889281,0.01,0.003033150178,0.3668225941,0.02559710799,TabICL_regression03/runs/tabpfn_v2_uncertainty_rows200_bins10.json,TabICL_regression03/runs/tabpfn_v2_uncertainty_rows200_bins10.json,
ex1_rows200_6m,rows200,TabPFN_v2_official,cars,0.9340653491,0.008457229034,0.06023086743,0.003578874902,0.0416541208,0.00354292303,0.025,0.005899152482,0.2820506844,0.01448403072,TabICL_regression03/runs/tabpfn_v2_uncertainty_rows200_bins10.json,TabICL_regression03/runs/tabpfn_v2_uncertainty_rows200_bins10.json,
ex1_rows200_6m,rows200,TabPFN_v2_official,concrete_compressive_strength,0.8715453374,0.01599287886,0.08902011379,0.005080068224,0.06605720724,0.003551284542,0.018,0.00438178046,0.4695617934,0.01771579292,TabICL_regression03/runs/tabpfn_v2_uncertainty_rows200_bins10.json,TabICL_regression03/runs/tabpfn_v2_uncertainty_rows200_bins10.json,
ex1_rows200_6m,rows200,TabPFN_v2_official,cpu_activity,0.9777192988,0.002616026702,0.02920599034,0.001124501985,0.02023358216,0.0006953737544,0.021,0.003033150178,0.1467614869,0.01173836456,TabICL_regression03/runs/tabpfn_v2_uncertainty_rows200_bins10.json,TabICL_regression03/runs/tabpfn_v2_uncertainty_rows200_bins10.json,
ex1_rows200_6m,rows200,TabPFN_v2_official,energy_efficiency,0.9954107674,0.001292308524,0.02020613338,0.003349659276,0.01397886598,0.001745933839,0.017,0.003286335345,0.07919896288,0.006460189114,TabICL_regression03/runs/tabpfn_v2_uncertainty_rows200_bins10.json,TabICL_regression03/runs/tabpfn_v2_uncertainty_rows200_bins10.json,
ex1_rows200_6m,rows200,TabPFN_v2_official,grid_stability,0.8228914451,0.01931008657,0.1106638348,0.00400963231,0.08660894698,0.003323448129,0.014,0.005176871642,0.6040628127,0.01136522365,TabICL_regression03/runs/tabpfn_v2_uncertainty_rows200_bins10.json,TabICL_regression03/runs/tabpfn_v2_uncertainty_rows200_bins10.json,
ex1_rows200_6m,rows200,TabPFN_v2_official,kin8nm,0.4317244565,0.04279605733,0.1851491921,0.01047757688,0.1462518837,0.007022757996,0.014,0.002966479395,0.9470431,0.04736861582,TabICL_regression03/runs/tabpfn_v2_uncertainty_rows200_bins10.json,TabICL_regression03/runs/tabpfn_v2_uncertainty_rows200_bins10.json,
ex1_rows200_6m,rows200,TabPFN_v2_official,Moneyball,0.9496820718,0.007942154094,0.05038560065,0.00364478107,0.04063293415,0.003143403989,0.019,0.005403702434,0.2870117297,0.01663142611,TabICL_regression03/runs/tabpfn_v2_uncertainty_rows200_bins10.json,TabICL_regression03/runs/tabpfn_v2_uncertainty_rows200_bins10.json,
ex1_rows200_6m,rows200,TabPFN_v2_official,pumadyn32nh,0.5053208027,0.04129855201,0.1496188377,0.007856988652,0.1216386764,0.004740470646,0.016,0.002607680962,0.9130928307,0.07242970486,TabICL_regression03/runs/tabpfn_v2_uncertainty_rows200_bins10.json,TabICL_regression03/runs/tabpfn_v2_uncertainty_rows200_bins10.json,
ex1_rows200_6m,rows200,TabPFN_v2_official,QSAR_fish_toxicity,0.514102449,0.0505997972,0.1419977134,0.006358598046,0.1017512215,0.00396680044,0.02,0.004604345773,0.7448141071,0.0636805443,TabICL_regression03/runs/tabpfn_v2_uncertainty_rows200_bins10.json,TabICL_regression03/runs/tabpfn_v2_uncertainty_rows200_bins10.json,
ex1_rows200_6m,rows200,TabPFN_v2_official,quake,-0.04644604046,0.01714361101,0.2751525454,0.01175742842,0.2204889079,0.01201426879,0.061,0.008648699324,1.213949142,0.1339939542,TabICL_regression03/runs/tabpfn_v2_uncertainty_rows200_bins10.json,TabICL_regression03/runs/tabpfn_v2_uncertainty_rows200_bins10.json,
ex1_rows200_6m,rows200,TabPFN_v2_official,sensory,0.03566314499,0.01504823732,0.2412963381,0.009599008108,0.1891078459,0.008329081629,0.028,0.003898717738,1.172517329,0.07685285864,TabICL_regression03/runs/tabpfn_v2_uncertainty_rows200_bins10.json,TabICL_regression03/runs/tabpfn_v2_uncertainty_rows200_bins10.json,
ex1_rows200_6m,rows200,TabPFN_v2_official,socmob,0.6450967557,0.03838011384,0.1075769063,0.008540013639,0.03707283914,0.007172579726,0.026,0.005215361924,0.2364080367,0.04125761895,TabICL_regression03/runs/tabpfn_v2_uncertainty_rows200_bins10.json,TabICL_regression03/runs/tabpfn_v2_uncertainty_rows200_bins10.json,
ex1_rows200_6m,rows200,TabPFN_v2_official,space_ga,0.6622990626,0.03001528193,0.1374545852,0.00965352908,0.106303241,0.01024273632,0.019,0.003898717738,0.739120803,0.04693498183,TabICL_regression03/runs/tabpfn_v2_uncertainty_rows200_bins10.json,TabICL_regression03/runs/tabpfn_v2_uncertainty_rows200_bins10.json,
ex1_rows200_6m,rows200,TabPFN_v2_official,student_performance,0.1049020569,0.04209749516,0.1886411997,0.00858214818,0.1350405398,0.01041777049,0.021,0.003633180425,0.8970001329,0.05314281006,TabICL_regression03/runs/tabpfn_v2_uncertainty_rows200_bins10.json,TabICL_regression03/runs/tabpfn_v2_uncertainty_rows200_bins10.json,
ex1_rows200_6m,rows200,TabPFN_v3_official,abalone,0.5659131016,0.03090976112,0.1596266391,0.007240940042,0.119215064,0.005201898202,0.024,0.005176871642,,,TabICL_regression03/runs/tabpfn_v3_uncertainty_rows200_bins10.json,TabICL_regression03/runs/tabpfn_v3_uncertainty_rows200_bins10.json,
ex1_rows200_6m,rows200,TabPFN_v3_official,airfoil_self_noise,0.8433844478,0.02993517887,0.08833695345,0.005562971203,0.05938705648,0.001913213551,0.019,0.003633180425,,,TabICL_regression03/runs/tabpfn_v3_uncertainty_rows200_bins10.json,TabICL_regression03/runs/tabpfn_v3_uncertainty_rows200_bins10.json,
ex1_rows200_6m,rows200,TabPFN_v3_official,auction_verification,0.9087979222,0.02183422087,0.08927127623,0.01179044488,0.04067074462,0.004744629099,0.016,0.003898717738,,,TabICL_regression03/runs/tabpfn_v3_uncertainty_rows200_bins10.json,TabICL_regression03/runs/tabpfn_v3_uncertainty_rows200_bins10.json,
ex1_rows200_6m,rows200,TabPFN_v3_official,boston,0.8698210712,0.01961772948,0.0834617643,0.007732683412,0.05681228938,0.003577594972,0.016,0.00228035085,,,TabICL_regression03/runs/tabpfn_v3_uncertainty_rows200_bins10.json,TabICL_regression03/runs/tabpfn_v3_uncertainty_rows200_bins10.json,
ex1_rows200_6m,rows200,TabPFN_v3_official,cars,0.9403372163,0.006408289023,0.05801376835,0.00449395499,0.04070735911,0.003968580533,0.016,0.001788854382,,,TabICL_regression03/runs/tabpfn_v3_uncertainty_rows200_bins10.json,TabICL_regression03/runs/tabpfn_v3_uncertainty_rows200_bins10.json,
ex1_rows200_6m,rows200,TabPFN_v3_official,concrete_compressive_strength,0.8792876593,0.01591839087,0.08638572028,0.006282040861,0.06284284404,0.004196567328,0.016,0.001788854382,,,TabICL_regression03/runs/tabpfn_v3_uncertainty_rows200_bins10.json,TabICL_regression03/runs/tabpfn_v3_uncertainty_rows200_bins10.json,
ex1_rows200_6m,rows200,TabPFN_v3_official,cpu_activity,0.979667419,0.001842572657,0.02815983686,0.001558154673,0.01939868419,0.0003589702823,0.013,0.005899152482,,,TabICL_regression03/runs/tabpfn_v3_uncertainty_rows200_bins10.json,TabICL_regression03/runs/tabpfn_v3_uncertainty_rows200_bins10.json,
ex1_rows200_6m,rows200,TabPFN_v3_official,energy_efficiency,0.9964559798,0.001059078764,0.01758494372,0.002643018059,0.01255088945,0.001678189809,0.018,0.002683281573,,,TabICL_regression03/runs/tabpfn_v3_uncertainty_rows200_bins10.json,TabICL_regression03/runs/tabpfn_v3_uncertainty_rows200_bins10.json,
ex1_rows200_6m,rows200,TabPFN_v3_official,grid_stability,0.8609030154,0.01488877111,0.0981770853,0.002543647935,0.07648771644,0.002870131389,0.018,0.003286335345,,,TabICL_regression03/runs/tabpfn_v3_uncertainty_rows200_bins10.json,TabICL_regression03/runs/tabpfn_v3_uncertainty_rows200_bins10.json,
ex1_rows200_6m,rows200,TabPFN_v3_official,kin8nm,0.5881923133,0.02816243183,0.1576970605,0.008844035124,0.1214792961,0.007030089701,0.016,0.00228035085,,,TabICL_regression03/runs/tabpfn_v3_uncertainty_rows200_bins10.json,TabICL_regression03/runs/tabpfn_v3_uncertainty_rows200_bins10.json,
ex1_rows200_6m,rows200,TabPFN_v3_official,Moneyball,0.9471145674,0.007713358664,0.05172853213,0.003342410387,0.04202925102,0.002757637202,0.018,0.002607680962,,,TabICL_regression03/runs/tabpfn_v3_uncertainty_rows200_bins10.json,TabICL_regression03/runs/tabpfn_v3_uncertainty_rows200_bins10.json,
ex1_rows200_6m,rows200,TabPFN_v3_official,pumadyn32nh,0.5013565716,0.03614066613,0.1507310237,0.008576387441,0.1212632126,0.0058759834,0.011,0.003286335345,,,TabICL_regression03/runs/tabpfn_v3_uncertainty_rows200_bins10.json,TabICL_regression03/runs/tabpfn_v3_uncertainty_rows200_bins10.json,
ex1_rows200_6m,rows200,TabPFN_v3_official,QSAR_fish_toxicity,0.5029802807,0.05782189289,0.1431473806,0.006670986074,0.101207733,0.004564415415,0.021,0.005176871642,,,TabICL_regression03/runs/tabpfn_v3_uncertainty_rows200_bins10.json,TabICL_regression03/runs/tabpfn_v3_uncertainty_rows200_bins10.json,
ex1_rows200_6m,rows200,TabPFN_v3_official,quake,-0.0357251883,0.01367934509,0.2737940493,0.01179786958,0.2229604545,0.01162881002,0.063,0.005019960159,,,TabICL_regression03/runs/tabpfn_v3_uncertainty_rows200_bins10.json,TabICL_regression03/runs/tabpfn_v3_uncertainty_rows200_bins10.json,
ex1_rows200_6m,rows200,TabPFN_v3_official,sensory,0.06996063849,0.03316468789,0.2372983365,0.01219973519,0.1887423709,0.0113623446,0.017,0.003741657387,,,TabICL_regression03/runs/tabpfn_v3_uncertainty_rows200_bins10.json,TabICL_regression03/runs/tabpfn_v3_uncertainty_rows200_bins10.json,
ex1_rows200_6m,rows200,TabPFN_v3_official,socmob,0.7077245432,0.08164044056,0.09342044273,0.01476443641,0.0356975028,0.00780175798,0.021,0.001788854382,,,TabICL_regression03/runs/tabpfn_v3_uncertainty_rows200_bins10.json,TabICL_regression03/runs/tabpfn_v3_uncertainty_rows200_bins10.json,
ex1_rows200_6m,rows200,TabPFN_v3_official,space_ga,0.6307495203,0.03368691429,0.1436022748,0.01027021356,0.1093455745,0.01096662447,0.022,0.00469041576,,,TabICL_regression03/runs/tabpfn_v3_uncertainty_rows200_bins10.json,TabICL_regression03/runs/tabpfn_v3_uncertainty_rows200_bins10.json,
ex1_rows200_6m,rows200,TabPFN_v3_official,student_performance,0.1522195594,0.03907186972,0.1838685714,0.009424230915,0.1302007998,0.01088386297,0.012,0.004604345773,,,TabICL_regression03/runs/tabpfn_v3_uncertainty_rows200_bins10.json,TabICL_regression03/runs/tabpfn_v3_uncertainty_rows200_bins10.json,
ex1_rows200_6m,rows200,ngboost,abalone,0.3766876732,0.04742824406,0.1912446237,0.008184899315,0.1458916061,0.007896560087,0.051,0.007293833012,,,TabICL_regression03/runs/distribution_baselines_rows200_bins10.json,TabICL_regression03/runs/distribution_baselines_rows200_bins10.json,visible_source_does_not_exactly_reproduce_ex1_aggregate_baseline_rows
ex1_rows200_6m,rows200,ngboost,airfoil_self_noise,0.6409999412,0.02777918532,0.1377665048,0.00545286154,0.1100730156,0.005681791366,0.037,0.005727128425,,,TabICL_regression03/runs/distribution_baselines_rows200_bins10.json,TabICL_regression03/runs/distribution_baselines_rows200_bins10.json,visible_source_does_not_exactly_reproduce_ex1_aggregate_baseline_rows
ex1_rows200_6m,rows200,ngboost,auction_verification,0.8973166341,0.01345566848,0.09591359113,0.0069336961,0.05419676248,0.003001811436,0.045,0.003286335345,,,TabICL_regression03/runs/distribution_baselines_rows200_bins10.json,TabICL_regression03/runs/distribution_baselines_rows200_bins10.json,visible_source_does_not_exactly_reproduce_ex1_aggregate_baseline_rows
ex1_rows200_6m,rows200,ngboost,boston,0.8669540048,0.02373972165,0.0841020934,0.009223544847,0.05941887945,0.004638932354,0.055,0.007071067812,,,TabICL_regression03/runs/distribution_baselines_rows200_bins10.json,TabICL_regression03/runs/distribution_baselines_rows200_bins10.json,visible_source_does_not_exactly_reproduce_ex1_aggregate_baseline_rows
ex1_rows200_6m,rows200,ngboost,cars,0.890403083,0.01012573313,0.07819946659,0.002976960662,0.05278642752,0.003916699104,0.027,0.00316227766,,,TabICL_regression03/runs/distribution_baselines_rows200_bins10.json,TabICL_regression03/runs/distribution_baselines_rows200_bins10.json,visible_source_does_not_exactly_reproduce_ex1_aggregate_baseline_rows
ex1_rows200_6m,rows200,ngboost,concrete_compressive_strength,0.7457578833,0.02979620994,0.1255453376,0.007542545289,0.09577112313,0.004891078865,0.03,0.005019960159,,,TabICL_regression03/runs/distribution_baselines_rows200_bins10.json,TabICL_regression03/runs/distribution_baselines_rows200_bins10.json,visible_source_does_not_exactly_reproduce_ex1_aggregate_baseline_rows
ex1_rows200_6m,rows200,ngboost,cpu_activity,0.9725651839,0.006253798694,0.03140188663,0.001896220953,0.02235569364,0.00101876139,0.031,0.004472135955,,,TabICL_regression03/runs/distribution_baselines_rows200_bins10.json,TabICL_regression03/runs/distribution_baselines_rows200_bins10.json,visible_source_does_not_exactly_reproduce_ex1_aggregate_baseline_rows
ex1_rows200_6m,rows200,ngboost,energy_efficiency,0.988217672,0.00359001055,0.03207103874,0.004626973604,0.02245526945,0.002593493358,0.047,0.004604345773,,,TabICL_regression03/runs/distribution_baselines_rows200_bins10.json,TabICL_regression03/runs/distribution_baselines_rows200_bins10.json,visible_source_does_not_exactly_reproduce_ex1_aggregate_baseline_rows
ex1_rows200_6m,rows200,ngboost,grid_stability,0.6448913851,0.03185445927,0.1573642399,0.004579015472,0.1304661903,0.003151238191,0.047,0.006066300355,,,TabICL_regression03/runs/distribution_baselines_rows200_bins10.json,TabICL_regression03/runs/distribution_baselines_rows200_bins10.json,visible_source_does_not_exactly_reproduce_ex1_aggregate_baseline_rows
ex1_rows200_6m,rows200,ngboost,kin8nm,0.2719039822,0.02622826021,0.2101701138,0.01007825304,0.1631593297,0.009774370609,0.048,0.005366563146,,,TabICL_regression03/runs/distribution_baselines_rows200_bins10.json,TabICL_regression03/runs/distribution_baselines_rows200_bins10.json,visible_source_does_not_exactly_reproduce_ex1_aggregate_baseline_rows
ex1_rows200_6m,rows200,ngboost,Moneyball,0.9164886097,0.01095080957,0.06514839736,0.004213074447,0.05041446254,0.004332036507,0.059,0.006542170894,,,TabICL_regression03/runs/distribution_baselines_rows200_bins10.json,TabICL_regression03/runs/distribution_baselines_rows200_bins10.json,visible_source_does_not_exactly_reproduce_ex1_aggregate_baseline_rows
ex1_rows200_6m,rows200,ngboost,pumadyn32nh,0.08835329155,0.03456328519,0.2033460195,0.004498742451,0.1648139795,0.004201544537,0.061,0.004604345773,,,TabICL_regression03/runs/distribution_baselines_rows200_bins10.json,TabICL_regression03/runs/distribution_baselines_rows200_bins10.json,visible_source_does_not_exactly_reproduce_ex1_aggregate_baseline_rows
ex1_rows200_6m,rows200,ngboost,QSAR_fish_toxicity,0.4901895473,0.06371168729,0.1449247025,0.006936874345,0.1054585981,0.004141260061,0.031,0.003033150178,,,TabICL_regression03/runs/distribution_baselines_rows200_bins10.json,TabICL_regression03/runs/distribution_baselines_rows200_bins10.json,visible_source_does_not_exactly_reproduce_ex1_aggregate_baseline_rows
ex1_rows200_6m,rows200,ngboost,quake,-0.4101963702,0.06859518034,0.3180274027,0.01116003941,0.256659441,0.01065568201,0.059,0.006228964601,,,TabICL_regression03/runs/distribution_baselines_rows200_bins10.json,TabICL_regression03/runs/distribution_baselines_rows200_bins10.json,visible_source_does_not_exactly_reproduce_ex1_aggregate_baseline_rows
ex1_rows200_6m,rows200,ngboost,sensory,-0.02037708865,0.120144886,0.248075726,0.02184253575,0.1941208264,0.01758593761,0.034,0.004604345773,,,TabICL_regression03/runs/distribution_baselines_rows200_bins10.json,TabICL_regression03/runs/distribution_baselines_rows200_bins10.json,visible_source_does_not_exactly_reproduce_ex1_aggregate_baseline_rows
ex1_rows200_6m,rows200,ngboost,socmob,0.5226456947,0.168417077,0.1216634771,0.03123291853,0.04819112953,0.01541186033,0.046,0.005899152482,,,TabICL_regression03/runs/distribution_baselines_rows200_bins10.json,TabICL_regression03/runs/distribution_baselines_rows200_bins10.json,visible_source_does_not_exactly_reproduce_ex1_aggregate_baseline_rows
ex1_rows200_6m,rows200,ngboost,space_ga,0.4874082962,0.0438702592,0.1690307742,0.01038837035,0.1298261343,0.01158193698,0.049,0.009486832981,,,TabICL_regression03/runs/distribution_baselines_rows200_bins10.json,TabICL_regression03/runs/distribution_baselines_rows200_bins10.json,visible_source_does_not_exactly_reproduce_ex1_aggregate_baseline_rows
ex1_rows200_6m,rows200,ngboost,student_performance,0.01696949784,0.02162138495,0.1985185071,0.01041846081,0.1453764204,0.01171170385,0.036,0.002449489743,,,TabICL_regression03/runs/distribution_baselines_rows200_bins10.json,TabICL_regression03/runs/distribution_baselines_rows200_bins10.json,visible_source_does_not_exactly_reproduce_ex1_aggregate_baseline_rows
ex1_rows200_6m,rows200,catboost,abalone,0.3776868177,0.03917881769,0.1910647947,0.006143268271,0.1412817768,0.005838961455,0.094,0.007402702209,,,TabICL_regression03/runs/distribution_baselines_rows200_bins10.json,TabICL_regression03/runs/distribution_baselines_rows200_bins10.json,visible_source_does_not_exactly_reproduce_ex1_aggregate_baseline_rows
ex1_rows200_6m,rows200,catboost,airfoil_self_noise,0.7373879753,0.0216587406,0.1175307446,0.0034047563,0.0846379878,0.004319628247,0.106,0.003286335345,,,TabICL_regression03/runs/distribution_baselines_rows200_bins10.json,TabICL_regression03/runs/distribution_baselines_rows200_bins10.json,visible_source_does_not_exactly_reproduce_ex1_aggregate_baseline_rows
ex1_rows200_6m,rows200,catboost,auction_verification,0.8796439932,0.01937686794,0.103590354,0.009273005142,0.05693757516,0.005892015493,0.09,0.003847076812,,,TabICL_regression03/runs/distribution_baselines_rows200_bins10.json,TabICL_regression03/runs/distribution_baselines_rows200_bins10.json,visible_source_does_not_exactly_reproduce_ex1_aggregate_baseline_rows
ex1_rows200_6m,rows200,catboost,boston,0.8495425427,0.03258707009,0.0886430657,0.01181621576,0.06048300798,0.005842707636,0.106,0.006693280212,,,TabICL_regression03/runs/distribution_baselines_rows200_bins10.json,TabICL_regression03/runs/distribution_baselines_rows200_bins10.json,visible_source_does_not_exactly_reproduce_ex1_aggregate_baseline_rows
ex1_rows200_6m,rows200,catboost,cars,0.8752402671,0.03487193409,0.07898855289,0.006208798715,0.04954561487,0.003097083604,0.103,0.007668115805,,,TabICL_regression03/runs/distribution_baselines_rows200_bins10.json,TabICL_regression03/runs/distribution_baselines_rows200_bins10.json,visible_source_does_not_exactly_reproduce_ex1_aggregate_baseline_rows
ex1_rows200_6m,rows200,catboost,concrete_compressive_strength,0.8195641007,0.02758002552,0.105012201,0.008277839321,0.07579485878,0.004991159615,0.095,0.007127411872,,,TabICL_regression03/runs/distribution_baselines_rows200_bins10.json,TabICL_regression03/runs/distribution_baselines_rows200_bins10.json,visible_source_does_not_exactly_reproduce_ex1_aggregate_baseline_rows
ex1_rows200_6m,rows200,catboost,cpu_activity,0.6731488699,0.05680756341,0.1125415591,0.01219644459,0.05090181407,0.003866391406,0.111,0.004774934555,,,TabICL_regression03/runs/distribution_baselines_rows200_bins10.json,TabICL_regression03/runs/distribution_baselines_rows200_bins10.json,visible_source_does_not_exactly_reproduce_ex1_aggregate_baseline_rows
ex1_rows200_6m,rows200,catboost,energy_efficiency,0.9904557939,0.002548757346,0.02905146562,0.004027828854,0.01936950409,0.002249972586,0.098,0.003898717738,,,TabICL_regression03/runs/distribution_baselines_rows200_bins10.json,TabICL_regression03/runs/distribution_baselines_rows200_bins10.json,visible_source_does_not_exactly_reproduce_ex1_aggregate_baseline_rows
ex1_rows200_6m,rows200,catboost,grid_stability,0.7004997461,0.03270791669,0.1440420086,0.005972851054,0.1181129294,0.005321537477,0.121,0.008049844719,,,TabICL_regression03/runs/distribution_baselines_rows200_bins10.json,TabICL_regression03/runs/distribution_baselines_rows200_bins10.json,visible_source_does_not_exactly_reproduce_ex1_aggregate_baseline_rows
ex1_rows200_6m,rows200,catboost,kin8nm,0.397285653,0.04521033258,0.1908279061,0.01197114441,0.1504026888,0.009561096401,0.122,0.003346640106,,,TabICL_regression03/runs/distribution_baselines_rows200_bins10.json,TabICL_regression03/runs/distribution_baselines_rows200_bins10.json,visible_source_does_not_exactly_reproduce_ex1_aggregate_baseline_rows
ex1_rows200_6m,rows200,catboost,Moneyball,0.908637135,0.007858920919,0.06884678128,0.003075234586,0.05413656413,0.004133928716,0.101,0.005019960159,,,TabICL_regression03/runs/distribution_baselines_rows200_bins10.json,TabICL_regression03/runs/distribution_baselines_rows200_bins10.json,visible_source_does_not_exactly_reproduce_ex1_aggregate_baseline_rows
ex1_rows200_6m,rows200,catboost,pumadyn32nh,0.02616273093,0.01100896523,0.2109460821,0.007742757254,0.169452353,0.007722291998,0.135,0.003577708764,,,TabICL_regression03/runs/distribution_baselines_rows200_bins10.json,TabICL_regression03/runs/distribution_baselines_rows200_bins10.json,visible_source_does_not_exactly_reproduce_ex1_aggregate_baseline_rows
ex1_rows200_6m,rows200,catboost,QSAR_fish_toxicity,0.5082980896,0.0538629547,0.1429799448,0.007150519245,0.1043473567,0.00387986564,0.098,0.005761944116,,,TabICL_regression03/runs/distribution_baselines_rows200_bins10.json,TabICL_regression03/runs/distribution_baselines_rows200_bins10.json,visible_source_does_not_exactly_reproduce_ex1_aggregate_baseline_rows
ex1_rows200_6m,rows200,catboost,quake,-0.5895458323,0.07443164142,0.3380774226,0.0140257972,0.2633268934,0.01144381669,0.094,0.006985699679,,,TabICL_regression03/runs/distribution_baselines_rows200_bins10.json,TabICL_regression03/runs/distribution_baselines_rows200_bins10.json,visible_source_does_not_exactly_reproduce_ex1_aggregate_baseline_rows
ex1_rows200_6m,rows200,catboost,sensory,-0.04570805904,0.0577130779,0.251240137,0.01333926566,0.2040008288,0.01367786295,0.143,0.002683281573,,,TabICL_regression03/runs/distribution_baselines_rows200_bins10.json,TabICL_regression03/runs/distribution_baselines_rows200_bins10.json,visible_source_does_not_exactly_reproduce_ex1_aggregate_baseline_rows
ex1_rows200_6m,rows200,catboost,socmob,0.5755867641,0.1159971417,0.1153184,0.02449798225,0.04587945726,0.01321394993,0.119,0.007127411872,,,TabICL_regression03/runs/distribution_baselines_rows200_bins10.json,TabICL_regression03/runs/distribution_baselines_rows200_bins10.json,visible_source_does_not_exactly_reproduce_ex1_aggregate_baseline_rows
ex1_rows200_6m,rows200,catboost,space_ga,0.4684275671,0.03524980656,0.1727922833,0.0104801979,0.133564106,0.01124421497,0.11,0.006164414003,,,TabICL_regression03/runs/distribution_baselines_rows200_bins10.json,TabICL_regression03/runs/distribution_baselines_rows200_bins10.json,visible_source_does_not_exactly_reproduce_ex1_aggregate_baseline_rows
ex1_rows200_6m,rows200,catboost,student_performance,0.03196686303,0.04789110025,0.1962766614,0.009321433041,0.1391359992,0.01142810813,0.121,0.003286335345,,,TabICL_regression03/runs/distribution_baselines_rows200_bins10.json,TabICL_regression03/runs/distribution_baselines_rows200_bins10.json,visible_source_does_not_exactly_reproduce_ex1_aggregate_baseline_rows
ex1_rows200_6m,rows200,xgboost,abalone,0.3834114547,0.0624970147,0.1896339612,0.01090054787,0.1467606068,0.009896461567,0.076,0.00438178046,,,TabICL_regression03/runs/distribution_baselines_rows200_bins10.json,TabICL_regression03/runs/distribution_baselines_rows200_bins10.json,visible_source_does_not_exactly_reproduce_ex1_aggregate_baseline_rows
ex1_rows200_6m,rows200,xgboost,airfoil_self_noise,0.7042261748,0.0327957172,0.1241907182,0.004073446314,0.09351623815,0.003249083802,0.082,0.005761944116,,,TabICL_regression03/runs/distribution_baselines_rows200_bins10.json,TabICL_regression03/runs/distribution_baselines_rows200_bins10.json,visible_source_does_not_exactly_reproduce_ex1_aggregate_baseline_rows
ex1_rows200_6m,rows200,xgboost,auction_verification,0.8727280285,0.01532124814,0.107037917,0.006201153103,0.06134307021,0.00280713397,0.084,0.003346640106,,,TabICL_regression03/runs/distribution_baselines_rows200_bins10.json,TabICL_regression03/runs/distribution_baselines_rows200_bins10.json,visible_source_does_not_exactly_reproduce_ex1_aggregate_baseline_rows
ex1_rows200_6m,rows200,xgboost,boston,0.851799746,0.02355493158,0.08902123029,0.008818126106,0.06435743326,0.004235926394,0.081,0.005656854249,,,TabICL_regression03/runs/distribution_baselines_rows200_bins10.json,TabICL_regression03/runs/distribution_baselines_rows200_bins10.json,visible_source_does_not_exactly_reproduce_ex1_aggregate_baseline_rows
ex1_rows200_6m,rows200,xgboost,cars,0.8879196286,0.01680033539,0.07793145271,0.003150485407,0.05319771143,0.002918026811,0.069,0.006723094526,,,TabICL_regression03/runs/distribution_baselines_rows200_bins10.json,TabICL_regression03/runs/distribution_baselines_rows200_bins10.json,visible_source_does_not_exactly_reproduce_ex1_aggregate_baseline_rows
ex1_rows200_6m,rows200,xgboost,concrete_compressive_strength,0.7695839352,0.03370085539,0.1185309627,0.007311509224,0.08851132183,0.004844091147,0.073,0.006723094526,,,TabICL_regression03/runs/distribution_baselines_rows200_bins10.json,TabICL_regression03/runs/distribution_baselines_rows200_bins10.json,visible_source_does_not_exactly_reproduce_ex1_aggregate_baseline_rows
ex1_rows200_6m,rows200,xgboost,cpu_activity,0.8560931428,0.04942547209,0.06857610894,0.01132455103,0.03340776909,0.002696506304,0.07,0.005366563146,,,TabICL_regression03/runs/distribution_baselines_rows200_bins10.json,TabICL_regression03/runs/distribution_baselines_rows200_bins10.json,visible_source_does_not_exactly_reproduce_ex1_aggregate_baseline_rows
ex1_rows200_6m,rows200,xgboost,energy_efficiency,0.9814373142,0.0059572898,0.03956455863,0.006034607878,0.0264916769,0.00346001029,0.074,0.00469041576,,,TabICL_regression03/runs/distribution_baselines_rows200_bins10.json,TabICL_regression03/runs/distribution_baselines_rows200_bins10.json,visible_source_does_not_exactly_reproduce_ex1_aggregate_baseline_rows
ex1_rows200_6m,rows200,xgboost,grid_stability,0.6315671665,0.02927590721,0.1607948774,0.004777996392,0.1312389836,0.005096682069,0.073,0.003286335345,,,TabICL_regression03/runs/distribution_baselines_rows200_bins10.json,TabICL_regression03/runs/distribution_baselines_rows200_bins10.json,visible_source_does_not_exactly_reproduce_ex1_aggregate_baseline_rows
ex1_rows200_6m,rows200,xgboost,kin8nm,0.393860977,0.03610797256,0.1912809837,0.009656870051,0.1506344853,0.009662062701,0.069,0.009055385138,,,TabICL_regression03/runs/distribution_baselines_rows200_bins10.json,TabICL_regression03/runs/distribution_baselines_rows200_bins10.json,visible_source_does_not_exactly_reproduce_ex1_aggregate_baseline_rows
ex1_rows200_6m,rows200,xgboost,Moneyball,0.9135689165,0.009998245598,0.06627271098,0.00319415017,0.05159939199,0.003147927473,0.075,0.005099019514,,,TabICL_regression03/runs/distribution_baselines_rows200_bins10.json,TabICL_regression03/runs/distribution_baselines_rows200_bins10.json,visible_source_does_not_exactly_reproduce_ex1_aggregate_baseline_rows
ex1_rows200_6m,rows200,xgboost,pumadyn32nh,-0.02250245975,0.02594757598,0.2160417806,0.007918601813,0.1765156817,0.00735127235,0.074,0.00228035085,,,TabICL_regression03/runs/distribution_baselines_rows200_bins10.json,TabICL_regression03/runs/distribution_baselines_rows200_bins10.json,visible_source_does_not_exactly_reproduce_ex1_aggregate_baseline_rows
ex1_rows200_6m,rows200,xgboost,QSAR_fish_toxicity,0.5145270922,0.03270966496,0.1426193116,0.004972045582,0.105625003,0.004121048625,0.073,0.002683281573,,,TabICL_regression03/runs/distribution_baselines_rows200_bins10.json,TabICL_regression03/runs/distribution_baselines_rows200_bins10.json,visible_source_does_not_exactly_reproduce_ex1_aggregate_baseline_rows
ex1_rows200_6m,rows200,xgboost,quake,-0.7878946709,0.1763495431,0.3557389499,0.01780222446,0.2886585565,0.01578849444,0.077,0.00469041576,,,TabICL_regression03/runs/distribution_baselines_rows200_bins10.json,TabICL_regression03/runs/distribution_baselines_rows200_bins10.json,visible_source_does_not_exactly_reproduce_ex1_aggregate_baseline_rows
ex1_rows200_6m,rows200,xgboost,sensory,-0.0297673736,0.05672984169,0.2493164601,0.01330788903,0.2046152919,0.01300390597,0.106,0.001788854382,,,TabICL_regression03/runs/distribution_baselines_rows200_bins10.json,TabICL_regression03/runs/distribution_baselines_rows200_bins10.json,visible_source_does_not_exactly_reproduce_ex1_aggregate_baseline_rows
ex1_rows200_6m,rows200,xgboost,socmob,0.4004275562,0.225716569,0.1365378524,0.03673688343,0.05351924492,0.01809208775,0.084,0.005403702434,,,TabICL_regression03/runs/distribution_baselines_rows200_bins10.json,TabICL_regression03/runs/distribution_baselines_rows200_bins10.json,visible_source_does_not_exactly_reproduce_ex1_aggregate_baseline_rows
ex1_rows200_6m,rows200,xgboost,space_ga,0.5081968783,0.0468091669,0.1649275928,0.008654621119,0.1244033041,0.01057247278,0.068,0.008173126697,,,TabICL_regression03/runs/distribution_baselines_rows200_bins10.json,TabICL_regression03/runs/distribution_baselines_rows200_bins10.json,visible_source_does_not_exactly_reproduce_ex1_aggregate_baseline_rows
ex1_rows200_6m,rows200,xgboost,student_performance,0.05454749019,0.04701426649,0.1949562259,0.0129597448,0.1387460919,0.01278002171,0.074,0.00219089023,,,TabICL_regression03/runs/distribution_baselines_rows200_bins10.json,TabICL_regression03/runs/distribution_baselines_rows200_bins10.json,visible_source_does_not_exactly_reproduce_ex1_aggregate_baseline_rows
ex1_rows200_6m,rows200,gaussian_process,abalone,0.07880463927,0.07279195395,0.2338079619,0.01589282501,0.1731975834,0.01124304122,0.035,0.005656854249,,,TabICL_regression03/runs/distribution_baselines_rows200_bins10.json,TabICL_regression03/runs/distribution_baselines_rows200_bins10.json,visible_source_does_not_exactly_reproduce_ex1_aggregate_baseline_rows
ex1_rows200_6m,rows200,gaussian_process,airfoil_self_noise,0.3382737074,0.1315677478,0.1855037346,0.02326025965,0.1429138155,0.02049442763,0.028,0.003033150178,,,TabICL_regression03/runs/distribution_baselines_rows200_bins10.json,TabICL_regression03/runs/distribution_baselines_rows200_bins10.json,visible_source_does_not_exactly_reproduce_ex1_aggregate_baseline_rows
ex1_rows200_6m,rows200,gaussian_process,auction_verification,0.5187141757,0.02941074848,0.2099418128,0.007162998588,0.151146273,0.007304142813,0.052,0.003741657387,,,TabICL_regression03/runs/distribution_baselines_rows200_bins10.json,TabICL_regression03/runs/distribution_baselines_rows200_bins10.json,visible_source_does_not_exactly_reproduce_ex1_aggregate_baseline_rows
ex1_rows200_6m,rows200,gaussian_process,boston,0.7810404581,0.02667252452,0.1084811751,0.005704118331,0.07180570945,0.002206319985,0.023,0.003898717738,,,TabICL_regression03/runs/distribution_baselines_rows200_bins10.json,TabICL_regression03/runs/distribution_baselines_rows200_bins10.json,visible_source_does_not_exactly_reproduce_ex1_aggregate_baseline_rows
ex1_rows200_6m,rows200,gaussian_process,cars,0.9118660494,0.01029250388,0.06972295242,0.003303406846,0.04857663169,0.004651786931,0.019,0.008294576541,,,TabICL_regression03/runs/distribution_baselines_rows200_bins10.json,TabICL_regression03/runs/distribution_baselines_rows200_bins10.json,visible_source_does_not_exactly_reproduce_ex1_aggregate_baseline_rows
ex1_rows200_6m,rows200,gaussian_process,concrete_compressive_strength,0.7877652655,0.03306142967,0.1136742969,0.007749214517,0.08596699421,0.005195148137,0.021,0.009316651759,,,TabICL_regression03/runs/distribution_baselines_rows200_bins10.json,TabICL_regression03/runs/distribution_baselines_rows200_bins10.json,visible_source_does_not_exactly_reproduce_ex1_aggregate_baseline_rows
ex1_rows200_6m,rows200,gaussian_process,cpu_activity,0.8591110066,0.02419498724,0.07284727828,0.006631061546,0.03428172756,0.00219433983,0.038,0.002449489743,,,TabICL_regression03/runs/distribution_baselines_rows200_bins10.json,TabICL_regression03/runs/distribution_baselines_rows200_bins10.json,visible_source_does_not_exactly_reproduce_ex1_aggregate_baseline_rows
ex1_rows200_6m,rows200,gaussian_process,energy_efficiency,0.919458087,0.01524378361,0.08638893438,0.009403762219,0.06110763735,0.006113456924,0.027,0.004335896678,,,TabICL_regression03/runs/distribution_baselines_rows200_bins10.json,TabICL_regression03/runs/distribution_baselines_rows200_bins10.json,visible_source_does_not_exactly_reproduce_ex1_aggregate_baseline_rows
ex1_rows200_6m,rows200,gaussian_process,grid_stability,0.7665165276,0.01809669131,0.1278346153,0.002353311902,0.09812944246,0.002524926315,0.016,0.006480740698,,,TabICL_regression03/runs/distribution_baselines_rows200_bins10.json,TabICL_regression03/runs/distribution_baselines_rows200_bins10.json,visible_source_does_not_exactly_reproduce_ex1_aggregate_baseline_rows
ex1_rows200_6m,rows200,gaussian_process,kin8nm,0.4898283179,0.0526556854,0.1738311202,0.008239396997,0.1396501837,0.005493430813,0.015,0.006164414003,,,TabICL_regression03/runs/distribution_baselines_rows200_bins10.json,TabICL_regression03/runs/distribution_baselines_rows200_bins10.json,visible_source_does_not_exactly_reproduce_ex1_aggregate_baseline_rows
ex1_rows200_6m,rows200,gaussian_process,Moneyball,0.9497841252,0.007764940442,0.0503409458,0.003466981807,0.04073221495,0.002907105024,0.017,0.003577708764,,,TabICL_regression03/runs/distribution_baselines_rows200_bins10.json,TabICL_regression03/runs/distribution_baselines_rows200_bins10.json,visible_source_does_not_exactly_reproduce_ex1_aggregate_baseline_rows
ex1_rows200_6m,rows200,gaussian_process,pumadyn32nh,-0.01692387797,0.008311954036,0.2154773479,0.007316318174,0.1722732918,0.006703161833,0.019,0.005176871642,,,TabICL_regression03/runs/distribution_baselines_rows200_bins10.json,TabICL_regression03/runs/distribution_baselines_rows200_bins10.json,visible_source_does_not_exactly_reproduce_ex1_aggregate_baseline_rows
ex1_rows200_6m,rows200,gaussian_process,QSAR_fish_toxicity,0.4094362045,0.09907509645,0.1547067109,0.009578350575,0.1156491253,0.007918094676,0.014,0.00316227766,,,TabICL_regression03/runs/distribution_baselines_rows200_bins10.json,TabICL_regression03/runs/distribution_baselines_rows200_bins10.json,visible_source_does_not_exactly_reproduce_ex1_aggregate_baseline_rows
ex1_rows200_6m,rows200,gaussian_process,quake,-0.03390075383,0.01079819466,0.2734332329,0.01107492593,0.2240023618,0.01135536306,0.081,0.002607680962,,,TabICL_regression03/runs/distribution_baselines_rows200_bins10.json,TabICL_regression03/runs/distribution_baselines_rows200_bins10.json,visible_source_does_not_exactly_reproduce_ex1_aggregate_baseline_rows
ex1_rows200_6m,rows200,gaussian_process,sensory,0.005064775749,0.02461635834,0.2446149015,0.007473503897,0.1895852698,0.008380874126,0.057,0.006164414003,,,TabICL_regression03/runs/distribution_baselines_rows200_bins10.json,TabICL_regression03/runs/distribution_baselines_rows200_bins10.json,visible_source_does_not_exactly_reproduce_ex1_aggregate_baseline_rows
ex1_rows200_6m,rows200,gaussian_process,socmob,0.105141597,0.238093142,0.1711959214,0.03533568116,0.07581887005,0.02160173334,0.03,0.004242640687,,,TabICL_regression03/runs/distribution_baselines_rows200_bins10.json,TabICL_regression03/runs/distribution_baselines_rows200_bins10.json,visible_source_does_not_exactly_reproduce_ex1_aggregate_baseline_rows
ex1_rows200_6m,rows200,gaussian_process,space_ga,-0.04590860269,0.01645907984,0.244416541,0.01665852478,0.1954558235,0.01994765077,0.026,0.002,,,TabICL_regression03/runs/distribution_baselines_rows200_bins10.json,TabICL_regression03/runs/distribution_baselines_rows200_bins10.json,visible_source_does_not_exactly_reproduce_ex1_aggregate_baseline_rows
ex1_rows200_6m,rows200,gaussian_process,student_performance,-0.04735911866,0.04128240704,0.2048936103,0.01184889476,0.1510511115,0.00970993407,0.019,0.004604345773,,,TabICL_regression03/runs/distribution_baselines_rows200_bins10.json,TabICL_regression03/runs/distribution_baselines_rows200_bins10.json,visible_source_does_not_exactly_reproduce_ex1_aggregate_baseline_rows
ex1_rows200_6m,rows200,conformal_quantile,abalone,0.3409305094,0.02243949253,0.1976357185,0.007969509296,0.1479582743,0.006275343038,0.024,0.004242640687,,,TabICL_regression03/runs/distribution_baselines_rows200_bins10.json,TabICL_regression03/runs/distribution_baselines_rows200_bins10.json,visible_source_does_not_exactly_reproduce_ex1_aggregate_baseline_rows
ex1_rows200_6m,rows200,conformal_quantile,airfoil_self_noise,0.6771642949,0.01941845415,0.1309196543,0.004272799514,0.0993823373,0.003091013178,0.017,0.004604345773,,,TabICL_regression03/runs/distribution_baselines_rows200_bins10.json,TabICL_regression03/runs/distribution_baselines_rows200_bins10.json,visible_source_does_not_exactly_reproduce_ex1_aggregate_baseline_rows
ex1_rows200_6m,rows200,conformal_quantile,auction_verification,0.8634707646,0.01636674242,0.1102894451,0.005156168717,0.06289900917,0.003452408167,0.021,0.002828427125,,,TabICL_regression03/runs/distribution_baselines_rows200_bins10.json,TabICL_regression03/runs/distribution_baselines_rows200_bins10.json,visible_source_does_not_exactly_reproduce_ex1_aggregate_baseline_rows
ex1_rows200_6m,rows200,conformal_quantile,boston,0.8455518289,0.02150349655,0.09158805592,0.008241492486,0.06450227582,0.003517491002,0.024,0.001673320053,,,TabICL_regression03/runs/distribution_baselines_rows200_bins10.json,TabICL_regression03/runs/distribution_baselines_rows200_bins10.json,visible_source_does_not_exactly_reproduce_ex1_aggregate_baseline_rows
ex1_rows200_6m,rows200,conformal_quantile,cars,0.8963458669,0.01662173415,0.07508027054,0.005527716846,0.05083607463,0.002995883982,0.024,0.007823042886,,,TabICL_regression03/runs/distribution_baselines_rows200_bins10.json,TabICL_regression03/runs/distribution_baselines_rows200_bins10.json,visible_source_does_not_exactly_reproduce_ex1_aggregate_baseline_rows
ex1_rows200_6m,rows200,conformal_quantile,concrete_compressive_strength,0.7266780472,0.04093499175,0.1289562844,0.006779262796,0.09708177203,0.004308271141,0.027,0.004898979486,,,TabICL_regression03/runs/distribution_baselines_rows200_bins10.json,TabICL_regression03/runs/distribution_baselines_rows200_bins10.json,visible_source_does_not_exactly_reproduce_ex1_aggregate_baseline_rows
ex1_rows200_6m,rows200,conformal_quantile,cpu_activity,0.8427408493,0.03552426644,0.07605794422,0.008172079599,0.03793189774,0.0017196225,0.032,0.007293833012,,,TabICL_regression03/runs/distribution_baselines_rows200_bins10.json,TabICL_regression03/runs/distribution_baselines_rows200_bins10.json,visible_source_does_not_exactly_reproduce_ex1_aggregate_baseline_rows
ex1_rows200_6m,rows200,conformal_quantile,energy_efficiency,0.9843919945,0.004449578214,0.03679058787,0.005139719825,0.02508835457,0.003238454552,0.022,0.004098780306,,,TabICL_regression03/runs/distribution_baselines_rows200_bins10.json,TabICL_regression03/runs/distribution_baselines_rows200_bins10.json,visible_source_does_not_exactly_reproduce_ex1_aggregate_baseline_rows
ex1_rows200_6m,rows200,conformal_quantile,grid_stability,0.6107133366,0.02946850022,0.1653608347,0.004569822491,0.1334442768,0.004443667493,0.015,0.005099019514,,,TabICL_regression03/runs/distribution_baselines_rows200_bins10.json,TabICL_regression03/runs/distribution_baselines_rows200_bins10.json,visible_source_does_not_exactly_reproduce_ex1_aggregate_baseline_rows
ex1_rows200_6m,rows200,conformal_quantile,kin8nm,0.3452226948,0.03917367278,0.1982739387,0.006962258391,0.1592643746,0.0062268908,0.023,0.002966479395,,,TabICL_regression03/runs/distribution_baselines_rows200_bins10.json,TabICL_regression03/runs/distribution_baselines_rows200_bins10.json,visible_source_does_not_exactly_reproduce_ex1_aggregate_baseline_rows
ex1_rows200_6m,rows200,conformal_quantile,Moneyball,0.9143966386,0.01068818508,0.06606918319,0.003768192513,0.05189352389,0.003746085009,0.013,0.003346640106,,,TabICL_regression03/runs/distribution_baselines_rows200_bins10.json,TabICL_regression03/runs/distribution_baselines_rows200_bins10.json,visible_source_does_not_exactly_reproduce_ex1_aggregate_baseline_rows
ex1_rows200_6m,rows200,conformal_quantile,pumadyn32nh,-0.0599369242,0.0202163237,0.2200656791,0.008278597911,0.1810747976,0.007863681633,0.015,0.003346640106,,,TabICL_regression03/runs/distribution_baselines_rows200_bins10.json,TabICL_regression03/runs/distribution_baselines_rows200_bins10.json,visible_source_does_not_exactly_reproduce_ex1_aggregate_baseline_rows
ex1_rows200_6m,rows200,conformal_quantile,QSAR_fish_toxicity,0.4929246182,0.04748190465,0.1453425419,0.0060305155,0.1069468638,0.0043063396,0.025,0.003898717738,,,TabICL_regression03/runs/distribution_baselines_rows200_bins10.json,TabICL_regression03/runs/distribution_baselines_rows200_bins10.json,visible_source_does_not_exactly_reproduce_ex1_aggregate_baseline_rows
ex1_rows200_6m,rows200,conformal_quantile,quake,-0.7542505761,0.09347182081,0.3547884452,0.01306613074,0.2787754842,0.01020323173,0.009,0.005727128425,,,TabICL_regression03/runs/distribution_baselines_rows200_bins10.json,TabICL_regression03/runs/distribution_baselines_rows200_bins10.json,visible_source_does_not_exactly_reproduce_ex1_aggregate_baseline_rows
ex1_rows200_6m,rows200,conformal_quantile,sensory,-0.1075385062,0.1129116942,0.2577758836,0.0191177262,0.2068929012,0.01782547844,0.02,0.006841052551,,,TabICL_regression03/runs/distribution_baselines_rows200_bins10.json,TabICL_regression03/runs/distribution_baselines_rows200_bins10.json,visible_source_does_not_exactly_reproduce_ex1_aggregate_baseline_rows
ex1_rows200_6m,rows200,conformal_quantile,socmob,0.5716958921,0.07551706452,0.1169804065,0.01729529977,0.04819370295,0.01058087365,0.033,0.005761944116,,,TabICL_regression03/runs/distribution_baselines_rows200_bins10.json,TabICL_regression03/runs/distribution_baselines_rows200_bins10.json,visible_source_does_not_exactly_reproduce_ex1_aggregate_baseline_rows
ex1_rows200_6m,rows200,conformal_quantile,space_ga,0.4714664364,0.03785921969,0.1723982289,0.01154994285,0.1294949335,0.01163958624,0.031,0.007949842766,,,TabICL_regression03/runs/distribution_baselines_rows200_bins10.json,TabICL_regression03/runs/distribution_baselines_rows200_bins10.json,visible_source_does_not_exactly_reproduce_ex1_aggregate_baseline_rows
ex1_rows200_6m,rows200,conformal_quantile,student_performance,0.05966760526,0.03613462795,0.1937143621,0.009525306589,0.1377683119,0.009746804966,0.023,0.003847076812,,,TabICL_regression03/runs/distribution_baselines_rows200_bins10.json,TabICL_regression03/runs/distribution_baselines_rows200_bins10.json,visible_source_does_not_exactly_reproduce_ex1_aggregate_baseline_rows
